{
    "roomHeight": 3.7300000190734865,
    "bigSwarmSpeed": 0.550000011920929,
    "persistentObjects": [
        {
            "name": "Leaf07_Buoy",
            "position": {
                "x": -2.4654743671417238,
                "y": 0.371484637260437,
                "z": -2.3499999046325685
            },
            "rotation": {
                "x": -0.5206385850906372,
                "y": 0.10577883571386337,
                "z": -0.10508841276168823,
                "w": 0.8406561613082886
            },
            "localScale": {
                "x": 0.4000000059604645,
                "y": 0.4000000059604645,
                "z": 0.4000000059604645
            },
            "activeSelf": true
        },
        {
            "name": "Leaf06_clean_Heal",
            "position": {
                "x": 4.411455249786377,
                "y": 1.6300000429153443,
                "z": -1.7599999618530274
            },
            "rotation": {
                "x": -0.3634861409664154,
                "y": 0.14287850260734559,
                "z": -0.06222408264875412,
                "w": -0.9184725284576416
            },
            "localScale": {
                "x": 0.4000000059604645,
                "y": 0.4000000059604645,
                "z": 0.4000000059604645
            },
            "activeSelf": false
        },
        {
            "name": "Leaf04_Gravity",
            "position": {                
                "x": -0.44999998807907107,
                "y":  0.5600000023841858,
                "z": 3.359999895095825
            },
            "rotation": {
                "x": -0.2434210479259491,
                "y": 0.6709875464439392,
                "z": -0.33797574043273928,
                "w": -0.6134283542633057
            },
            "localScale": {
                "x": 0.20203283429145814,
                "y": 0.20203283429145814,
                "z": 0.20203283429145814
            },
            "activeSelf": true
        },
        {
            "name": "Leaf02_Buoy",
            "position": {
                "x": 4.329999923706055,
                "y": 1.066079020500183,
                "z": 2.4908676147460939
            },
            "rotation": {
                "x": 0.0005347318947315216,
                "y": 0.8174430727958679,
                "z": 0.08789914101362229,
                "w": -0.5692629218101502
            },
            "localScale": {
                "x": 0.4097355008125305,
                "y": 0.4097355008125305,
                "z": 0.4097355008125305
            },
            "activeSelf": false
        },
        {
            "name": "23_Heal_Spin",
            "position": {
                "x": -0.05,
                "y": 1.1602110862731934,
                "z": 1.5
            },
            "rotation": {
                "x": 0.4386678636074066,
                "y": -0.15860149264335633,
                "z": 0.8684235215187073,
                "w": 0.1680973768234253
            },
            "localScale": {
                "x": 0.5,
                "y": 0.5,
                "z": 0.5
            },
            "activeSelf": true
        },
        {
            "name": "16_Marble",
            "position": {
                "x": -0.3517962694168091,
                "y": 0.07249999791383743,
                "z": -0.25285381078720095
            },
            "rotation": {
                "x": 0.06994009017944336,
                "y": 0.05910704284906387,
                "z": -0.038476355373859408,
                "w": 0.9950549602508545
            },
            "localScale": {
                "x": 0.13500000536441804,
                "y": 0.13500000536441804,
                "z": 0.13500000536441804
            },
            "activeSelf": true
        },
        {
            "name": "30_Marble",
            "position": {
                "x": -1.0582765340805054,
                "y": 0.07250014692544937,
                "z": 3.8235950469970705
            },
            "rotation": {
                "x": 0.4685491919517517,
                "y": 0.44648846983909609,
                "z": 0.22541414201259614,
                "w": -0.7282158136367798
            },
            "localScale": {
                "x": 0.13500000536441804,
                "y": 0.13500000536441804,
                "z": 0.13500000536441804
            },
            "activeSelf": true
        },
        {
            "name": "42_Marble",
            "position": {
                "x": 2.526184558868408,
                "y": 0.07249994575977326,
                "z": -1.3183766603469849
            },
            "rotation": {
                "x": 0.04309476912021637,
                "y": 0.35810136795043948,
                "z": 0.5957937836647034,
                "w": 0.7175904512405396
            },
            "localScale": {
                "x": 0.13500000536441804,
                "y": 0.13500000536441804,
                "z": 0.13500000536441804
            },
            "activeSelf": true
        },
        {
            "name": "TarotLovers",
            "position": {
                "x": 6.820000171661377,
                "y": 0.6741624474525452,
                "z": 2.5199999809265138
            },
            "rotation": {
                "x": -0.33375757932662966,
                "y": 0.07149523496627808,
                "z": -0.8933976292610169,
                "w": 0.29212144017219546
            },
            "localScale": {
                "x": 1.0,
                "y": 1.0,
                "z": 1.0
            },
            "activeSelf": true
        },
        {
            "name": "TarotTemperance",
            "position": {
                "x": 6.820000171661377,
                "y": 0.6741624474525452,
                "z": 2.0199999809265138
            },
            "rotation": {
                "x": 0.392194926738739,
                "y": 0.30413129925727847,
                "z": 0.44081786274909975,
                "w": 0.7479084134101868
            },
            "localScale": {
                "x": 1.0,
                "y": 1.0,
                "z": 1.0
            },
            "activeSelf": true
        },
        {
            "name": "TarotDeath",
            "position": {
                "x": 6.120000171661377,
                "y": 0.8741624474525452,
                "z": 2.5199999809265138
            },
            "rotation": {
                "x": 0.1521356999874115,
                "y": -0.636987566947937,
                "z": -0.29964685440063479,
                "w": 0.6937675476074219
            },
            "localScale": {
                "x": 1.0,
                "y": 1.0,
                "z": 1.0
            },
            "activeSelf": true
        },
        {
            "name": "TarotWorld",
            "position": {
                "x": 7.020000171661377,
                "y": 0.5741624474525452,
                "z": 2.1199999809265138
            },
            "rotation": {
                "x": -0.3278247117996216,
                "y": 0.8727602958679199,
                "z": -0.3345937728881836,
                "w": -0.13735920190811158
            },
            "localScale": {
                "x": 1.0,
                "y": 1.0,
                "z": 1.0
            },
            "activeSelf": true
        },
        {
            "name": "Amazonit_Fata",
            "position": {
                "x": 6.960000038146973,
                "y": 0.16304972767829896,
                "z": 2.450000047683716
            },
            "rotation": {
                "x": 0,
                "y": 0.7071067690849304,
                "z": 0.7071067690849304,
                "w": 0.0
            },
            "localScale": {
                "x": 0.800000011920929,
                "y": 0.800000011920929,
                "z": 0.800000011920929
            },
            "activeSelf": true
        },
        {
            "name": "31_ZeroG",